Workbook

Sheet Existing Development 2012-2025
A1: Lake Tahoe Existing Regional Development
A2: Updated Cumulative Accounting 2012 to 2025
A3: As of 4/22/2026
B5: 2012 | C5: 2013 | D5: 2014 | E5: 2015 | F5: 2016 | G5: 2017 | H5: 2018 | I5: 2019 | J5: 2020 | K5: 2021 | L5: 2022 | M5: 2023 | N5: 2024 | O5: 2025
A6: Residential Units | B6: 47550 | C6: 47604 | D6: 47716 | E6: 47804 | F6: 47872 | G6: 47944 | H6: 48011 | I6: 48101 | J6: 48295 | K6: 48425 | L6: 48524 | M6: 48626 | N6: 48812 | O6: 49019
A7: Tourist Accommodation Units | B7: 11180 | C7: 11175 | D7: 11175 | E7: 11153 | F7: 11108 | G7: 11139 | H7: 11156 | I7: 11150 | J7: 11150 | K7: 11094 | L7: 11107 | M7: 11114 | N7: 10969 | O7: 10761
A8: Commercial Floor Area | B8: 6581919 | C8: 6587387 | D8: 6609450 | E8: 6598123 | F8: 6601783 | G8: 6573092 | H8: 6617617 | I8: 6622199 | J8: 6607012 | K8: 6609588 | L8: 6610535 | M8: 6609970 | N8: 6592958 | O8: 6583769

Sheet Banked Development
A1: Banked Development Rights
A2: https://parcels.laketahoeinfo.org/BankedDevelopmentRight/Index
A3: As of March 26, 2026
B5: Sum of Remaining Banked Quantity
A6: Multi-Family Residential Unit of Use (MFRUU) | B6: 47
A7: Single-Family Residential Unit of Use (SFRUU) | B7: 352
A8: Commercial Floor Area (CFA) | B8: 326776
A9: Tourist Accommodation Unit (TAU) | B9: 1501
A17: Banked TAU Summary
B18: Banked TAUs | C18: Received/Pending Development
A19: Project 3/Stateline Redevelopment | B19: 493 | E19: Original Verifications included 577 TAUs, 17 RUUs, and 28,896 sf CFA across 29 parcels in the redevelopment area. VBOU2007-0135
A20: Lakeside Inn (Barton) | B20: 124
A21: Motel 6 (CTC) | B21: 141
A22: Tahoe City Lodge | C22: =94+24 -> 118
A23: Placer County (from Knights Inn, SLT) | B23: 64
A24: Sunray Motel | B24: 64
A25: Tahoe Inn (North Stateline) | B25: 45 | E25: Note: another 93 units on 090-304-012 have not been banked yet
A26: CalNeva | C26: 37
A27: Chateau Inn, South Lake Tahoe | B27: 33
A28: Edgewood Lodge | C28: 26 | E28: Remaining units for Casitas (14 of 40 units constructed, plus 154 units at main lodge)
A29: Waldorf Astoria (formerly Boulder Bay) | C29: 30 | E29: Rest of units are existing onsite
A30: Dreyfus Inn, SLT | B30: 24
A31: Tahoe Mountain Lodge, SLT | B31: 21
A32: Timberlake Inn, SLT | B32: 21 | E32: Transferred to CSLT Parcel?
A33: Jackpot Inn, SLT | B33: 17 | E33: Transferred to CSLT Parcel?
A34: Swiss Village Motel, SLT | B34: 17
A35: The Landing | B35: 17 | E35: Units previously banked during redevelopment
A36: Peak10 (former Sun-N-Sand Lodge) | B36: 15 | E36: 15 TAUs banked following the conversion from motel to 10-unit condos
A37: Lake Tahoe School Incline | B37: 14
A38: Black Bear Inn Deerfield Lodge | B38: 11
A39: Colony Inn, SLT | B39: 10
A40: Blue Lakes Motel, SLT | B40: 10
A46: Banked TAU Summary - Large Holdings
B47: Banked CFA | C47: Received/Pending Development
A48: Lakeside Inn/Barton (Converted from Casino area) | B48: 75693
A49: Lake Tahoe School Incline | B49: 35095
A50: Oak Angel, Incline | B50: 18958 | C50: 18958
A51: North Tahoe Marina (from Wild Goose) | B51: 11862
A52: 1740 D St., SLT Industrial Area Redevelopment | C52: 10624

Sheet Additional Development
A1: Additional Development Rights Balances in December 2025
A2: As of April 22, 2026
F3: Assigned to Projects | K3: Remaining Development
B4: Regional Plan Maximum1 | C4: Not Assigned | D4: Assigned to Projects | F4: Constructed | G4: Not Constructed | H4: Total | K4: Not Assigned + Not Constructed | M4: Est. Banked Development | N4: Est. Total Development Potential | P4: Existing | Q4: Not Assigned + Not Constructed
A5: Residential Allocations | B5: 8687 | C5: 1778 | D5: 6909 | F5: 6734 | G5: 175 | H5: =G5+F5 -> 6909 | K5: =G5+C5 -> 1953 | M5: ='Banked Development'!B7+'Banked Development'!B6 -> 399 | N5: =SUM(K5:M5) -> 2352 | P5: ='Existing Development 2012-2025'!O6 -> 49019 | Q5: =(K5+K6)/P5 -> 0.065627614 | R5: =(M5+M6)/P5 -> 0.0081397009 | S5: =(N5+N6)/P5 -> 0.073767315
A6: Residential Bonus Units | B6: 2000 | C6: 741 | D6: 1259 | F6: =G29 -> 736 | G6: =H29 -> 523 | H6: =G6+F6 -> 1259 | K6: =G6+C6 -> 1264 | N6: =SUM(K6:M6) -> 1264
A7: Tourist Bonus Units | B7: 400 | C7: 204 | D7: 196 | F7: 58 | G7: 138 | H7: =G7+F7 -> 196 | K7: =G7+C7 -> 342 | M7: ='Banked Development'!B9 -> 1501 | N7: =SUM(K7:M7) -> 1843 | P7: ='Existing Development 2012-2025'!O7 -> 10761 | Q7: =K7/P7 -> 0.031781433 | R7: =M7/P7 -> 0.13948518 | S7: =N7/P7 -> 0.17126661
A8: Commercial Floor Area (square feet) | B8: 1000000 | C8: 488894 | D8: 511106 | F8: 464144 | G8: 46962 | H8: =G8+F8 -> 511106 | K8: =G8+C8 -> 535856 | M8: ='Banked Development'!B8 -> 326776 | N8: =SUM(K8:M8) -> 862632 | P8: ='Existing Development 2012-2025'!O8 -> 6583769 | Q8: =K8/P8 -> 0.081390462 | R8: =M8/P8 -> 0.049633576 | S8: =N8/P8 -> 0.13102404
A9: 1 Regional Plan, Policy DP-2.2 and TRPA Code Section 50.4.1.
M11: =SUM(K5:M6) -> 3616
A14: 2012 Regional Plan - Residential Allocations | B14: Total Allocations | D14: Not Assigned | E14: Assigned to Projects | G14: Constructed | H14: Not Constructed
A15: Assigned to Local Jurisdiction Pools | B15: 1656 | D15: 837 | E15: 819 | G15: 664 | H15: 155
A16: Assigned to TRPA Incentive Pool | B16: =162+12 -> 174 | D16: =142+12 -> 154 | E16: 20 | G16: 17 | H16: 3
A17: Unreleased | B17: 770 | D17: 770
B18: =SUM(B15:B17) -> 2600 | D18: =SUM(D15:D17) -> 1761 | E18: =SUM(E15:E17) -> 839 | G18: =SUM(G15:G17) -> 681 | H18: =SUM(H15:H17) -> 158
A20: Remaining from 1987 Plan | B20: 6087 | D20: 17 | E20: 6070 | G20: 6053 | H20: 17
A22: Grand Total | B22: =SUM(B18:B20) -> 8687 | D22: =SUM(D18:D20) -> 1778 | E22: =SUM(E18:E20) -> 6909 | G22: =SUM(G18:G20) -> 6734 | H22: =SUM(H18:H20) -> 175
A25: 2012 Regional Plan - Residential Bonus Units | B25: Total Residential Bonus Units | D25: Not Assigned | E25: Assigned to Projects | G25: Constructed | H25: Not Constructed
A26: Assigned to Local Jurisdiction Pools | B26: 565 | D26: 238 | E26: =B26-D26 -> 327 | G26: 230 | H26: =83+14 -> 97 | J26: Note: approx. 14 units listed as built in 2012 plan may not have been built. These have been removed from the constructed totals for this analysis
A27: Assigned to TRPA Incentive Pool | B27: 1435 | D27: =502+1 -> 503 | E27: =B27-D27 -> 932 | G27: =311+195 -> 506 | H27: =419+8-1 -> 426 | J27: Note: approx. 8 units listed as built in 2012 plan may not have been built. These have been removed from the constructed totals for this analysis
A29: Grand Total | B29: 2000 | D29: =SUM(D26:D28) -> 741 | E29: =1259 -> 1259 | G29: =SUM(G26:G28) -> 736 | H29: =SUM(H26:H28) -> 523 | J29: Note: approx. 22 units listed as built in 2012 plan may not have been built. These have been removed from the constructed totals for this analysis
A32: 2012 Regional Plan - Tourist Bonus Units | B32: Total Tourist Bonus Units | D32: Not Assigned | E32: Assigned to Projects | G32: Constructed | H32: Not Constructed
A33: Assigned to Local Jurisdiction Pools | B33: 160 | D33: 130 | E33: 30 | G33: 30 | H33: 0
A34: Assigned to TRPA Incentive Pool | B34: 240 | D34: 74 | E34: 166 | G34: 28 | H34: 138 | J34: Note: 138 TAUs from the TRPA pool were permitted for use at Tahoe City Lodge (48), Homewood (50), and Boulder Bay (40). If these projects do not use the units, they will be returned to the TRPA pool. Used TAUs were for Round Hill Vacation Resort.
A36: Grand Total | B36: 400 | D36: =SUM(D33:D35) -> 204 | E36: 196 | G36: =SUM(G33:G35) -> 58 | H36: =SUM(H33:H35) -> 138
A39: 2012 Regional Plan - Commercial Floor Area | B39: Total CFA | D39: Not Assigned | E39: Assigned to Projects | G39: Constructed | H39: Not Constructed
A40: Assigned to Local Jurisdiction Pools | B40: 550000 | D40: 151703 | E40: 398297 | G40: 374572 | H40: 23725
A41: Assigned to TRPA Incentive Pool | B41: 250000 | D41: 137191 | E41: 112809 | G41: 89572 | H41: 23237 | J41: Homewood was assigned 23,237 sf CFA from the TRPA pool. If unused, CFA will return to TRPA.
A42: Unreleased | B42: 200000 | D42: 200000 | E42: 0 | G42: 0 | H42: 0
A44: Grand Total | B44: =SUM(B40:B43) -> 1000000 | D44: =SUM(D40:D43) -> 488894 | E44: =SUM(E40:E43) -> 511106 | G44: =SUM(G40:G43) -> 464144 | H44: =SUM(H40:H43) -> 46962

Sheet LT Info Pools Balances
A1: LT Info Development Right Pool Balance Report
A2: https://parcels.laketahoeinfo.org/DevelopmentRightPool/DevelopmentRightPoolBalanceReport
A3: 46134
A5: REMAINING BALANCES
A7: Residential Allocations | B7: Remaining Balance | I7: Jurisdiction | J7: Remaining Unreserved Units | K7: as of April 22, 2026
A8: TRPA Pool | B8: 154 | C8: Note - pool shows as 144, but that is incorrect -should be 154 | I8: City of South Lake Tahoe | J8: 181
A9: Local Jurisdiction Pools | B9: 837 | I9: Douglas | J9: 93
I10: El Dorado | J10: 98
A11: Unreleased Allocations | B11: 770 | I11: Placer | J11: 342
I12: Washoe | J12: 123
A13: Grand Total Remaining Allocations | B13: =B8+B9+B11 -> 1761 | I13: Jurisdiction Totals | J13: =SUM(J8:J12) -> 837
A18: Residential Bonus Units | B18: Remaining Balance
A19: TRPA Pool | B19: 503
A20: Local Jurisdiction Pools | B20: 238
A22: Grand Total Remaining Bonus Units | B22: =B19+B20 -> 741
A25: Commercial Floor Area | B25: Remaining Balance
A26: TRPA Pool | B26: 137191
A27: Local Jurisdiction Pools | B27: 151703
A29: Unreleased Allocations | B29: 200000
A31: Grand Total Remaining Allocations | B31: =B26+B27+B29 -> 488894
A34: Tourist Bonus Units | B34: Remaining Balance
A35: TRPA Pool | B35: 74
A36: Local Jurisdiction Pools | B36: 130
A38: Grand Total Remaining Bonus Units | B38: =B35+B36 -> 204
