Workbook

Sheet Sheet1
A1: APN | B1: CommercialFloorArea_SqFt | C1: YEAR | D1: Notes | E1: WITHIN_TRPA_BNDY
A2: 026-221-53 | B2: 6956 | C2: 2012 | E2: 1
A3: 023-201-75 | B3: 73441 | C3: 2012 | E3: 1
A4: 027-071-31 | B4: 19941 | C4: 2012 | E4: 1
A5: 027-151-34 | B5: 2071 | C5: 2012 | E5: 1
A6: 028-081-08 | B6: 2843 | C6: 2012 | E6: 1
A7: 026-089-10 | B7: 19016 | C7: 2012 | E7: 1
A8: 026-089-09 | B8: 8754 | C8: 2012 | E8: 1
A9: 026-075-19 | B9: 4518 | C9: 2012 | E9: 1
A10: 026-088-22 | B10: 1795 | C10: 2012 | E10: 1
A11: 026-078-17 | B11: 14219 | C11: 2012 | E11: 1
A12: 026-113-14 | B12: 12582 | C12: 2012 | E12: 1
A13: 027-344-47 | B13: 506 | C13: 2012 | E13: 1
... A335: 1318-24-401-008 | B335: 7513 | C335: 2012 | E335: 1
A336: 1319-19-802-004 | B336: 3175 | C336: 2012 | D336: Outside Boundard - Zero Out | E336: 0
A337: 1318-23-401-019 | B337: 759 | C337: 2012 | E337: 1
A338: 1319-19-802-005 | B338: 7110 | C338: 2012 | D338: Outside Boundard - Zero Out | E338: 0
A339: 1318-23-401-013 | B339: 8543 | C339: 2012 | E339: 1
A340: 1318-23-401-028 | B340: 4843 | C340: 2012 | E340: 1
A341: 1318-23-401-027 | B341: 4576 | C341: 2012 | E341: 1
A342: 1318-22-002-010 | B342: 9390 | C342: 2012 | E342: 1
A343: 1318-23-401-037 | B343: 51369 | C343: 2012 | E343: 1
A344: 1318-23-410-001 | B344: 2144 | C344: 2012 | E344: 1
A345: 1318-23-410-076 | B345: 2045 | C345: 2012 | E345: 1
A346: 1318-23-401-022 | B346: 1536 | C346: 2012 | E346: 1
A347: 1318-22-002-012 | B347: 4938 | C347: 2012 | E347: 1
A348: 1318-23-401-009 | B348: 8559 | C348: 2012 | E348: 1
A349: 1318-23-411-001 | B349: 3754 | C349: 2012 | E349: 1
A350: 1318-23-401-030 | B350: 4093 | C350: 2012 | E350: 1
... A1810: 1318-24-601-007 | B1810: 6515 | C1810: 2019 | E1810: 1
A1811: 1319-19-802-005 | B1811: 7110 | C1811: 2019 | D1811: Outside Boundard - Zero Out | E1811: 0
A1812: 1318-26-101-002 | B1812: 3666 | C1812: 2019 | E1812: 1
A1813: 1318-26-101-005 | B1813: 13084 | C1813: 2019 | E1813: 1
A1814: 1318-15-801-002 | B1814: 3477 | C1814: 2019 | E1814: 1
A1815: 1318-22-002-013 | B1815: 3290 | C1815: 2019 | E1815: 1
A1816: 1318-15-803-008 | B1816: 1994 | C1816: 2019 | E1816: 1
A1817: 1318-15-703-002 | B1817: 2987 | C1817: 2019 | E1817: 1
A1818: 1318-15-802-005 | B1818: 2624 | C1818: 2019 | E1818: 1
A1819: 1318-15-802-007 | B1819: 6466 | C1819: 2019 | E1819: 1
A1820: 1318-09-811-018 | B1820: 3396 | C1820: 2019 | E1820: 1
A1821: 1318-10-417-051 | B1821: 5095 | C1821: 2019 | E1821: 1
A1822: 1318-23-401-034 | B1822: 6191 | C1822: 2019 | E1822: 1
A1823: 1318-23-401-026 | B1823: 39748 | C1823: 2019 | E1823: 1
... A1845: 1318-24-601-006 | B1845: 10893 | C1845: 2019 | E1845: 1
A1846: 1319-19-802-004 | B1846: 3175 | C1846: 2019 | D1846: Outside Boundard - Zero Out | E1846: 0
A1847: 1318-23-401-036 | B1847: 3532 | C1847: 2019 | E1847: 1
A1848: 1318-22-002-010 | B1848: 9390 | C1848: 2019 | E1848: 1
A1849: 1318-23-401-044 | B1849: 11954 | C1849: 2019 | E1849: 1
A1850: 1318-23-401-007 | B1850: 10665 | C1850: 2019 | E1850: 1
A1851: 1318-23-401-051 | B1851: 51369 | C1851: 2019 | E1851: 1
A1852: 1318-23-401-049 | B1852: 13926 | C1852: 2019 | E1852: 1
A1853: 1318-23-401-019 | B1853: 759 | C1853: 2019 | E1853: 1
A1854: 117-080-055 | B1854: 1347 | C1854: 2019 | E1854: 1
A1855: 117-080-051 | B1855: 989 | C1855: 2019 | E1855: 1
A1856: 117-080-062 | B1856: 1277 | C1856: 2019 | E1856: 1
A1857: 093-610-003 | B1857: 1403 | C1857: 2019 | E1857: 1
A1858: 117-080-063 | B1858: 1694 | C1858: 2019 | E1858: 1
... A2740: 1318-24-601-007 | B2740: 6515 | C2740: 2020 | E2740: 1
A2741: 1319-19-802-005 | B2741: 7110 | C2741: 2020 | D2741: Outside Boundard - Zero Out | E2741: 0
A2742: 1318-26-101-002 | B2742: 3666 | C2742: 2020 | E2742: 1
A2743: 1318-26-101-005 | B2743: 13084 | C2743: 2020 | E2743: 1
A2744: 1318-15-801-002 | B2744: 3477 | C2744: 2020 | E2744: 1
A2745: 1318-22-002-013 | B2745: 3290 | C2745: 2020 | E2745: 1
A2746: 1318-15-803-008 | B2746: 1994 | C2746: 2020 | E2746: 1
A2747: 1318-15-703-002 | B2747: 2987 | C2747: 2020 | E2747: 1
A2748: 1318-15-802-005 | B2748: 2624 | C2748: 2020 | E2748: 1
A2749: 1318-15-802-007 | B2749: 6466 | C2749: 2020 | E2749: 1
A2750: 1318-09-811-018 | B2750: 3396 | C2750: 2020 | E2750: 1
A2751: 1318-10-417-051 | B2751: 5095 | C2751: 2020 | E2751: 1
A2752: 1318-23-401-034 | B2752: 6191 | C2752: 2020 | E2752: 1
A2753: 1318-23-401-026 | B2753: 39748 | C2753: 2020 | E2753: 1
... A2775: 1318-24-601-006 | B2775: 10893 | C2775: 2020 | E2775: 1
A2776: 1319-19-802-004 | B2776: 3175 | C2776: 2020 | D2776: Outside Boundard - Zero Out | E2776: 0
A2777: 1318-23-401-036 | B2777: 3532 | C2777: 2020 | E2777: 1
A2778: 1318-22-002-010 | B2778: 9390 | C2778: 2020 | E2778: 1
A2779: 1318-23-401-044 | B2779: 11954 | C2779: 2020 | E2779: 1
A2780: 1318-23-401-007 | B2780: 10665 | C2780: 2020 | E2780: 1
A2781: 1318-23-401-051 | B2781: 51369 | C2781: 2020 | E2781: 1
A2782: 1318-23-401-049 | B2782: 13926 | C2782: 2020 | E2782: 1
A2783: 1318-23-401-019 | B2783: 759 | C2783: 2020 | E2783: 1
A2784: 117-080-055 | B2784: 1347 | C2784: 2020 | E2784: 1
A2785: 117-080-051 | B2785: 989 | C2785: 2020 | E2785: 1
A2786: 117-080-062 | B2786: 1277 | C2786: 2020 | E2786: 1
A2787: 093-610-003 | B2787: 1403 | C2787: 2020 | E2787: 1
A2788: 117-080-063 | B2788: 1694 | C2788: 2020 | E2788: 1
... A2867: 1318-26-101-016 | B2867: 3250 | C2867: 2022 | E2867: 1
A2868: 1319-19-802-004 | B2868: 3175 | C2868: 2022 | D2868: Outside Boundard - Zero Out | E2868: 0
A2869: 1418-27-410-001 | B2869: 3529 | C2869: 2022 | E2869: 1
A2870: 1318-26-101-003 | B2870: 7149 | C2870: 2022 | E2870: 1
A2871: 1318-22-001-004 | B2871: 3293 | C2871: 2022 | E2871: 1
A2872: 1318-23-401-044 | B2872: 11954 | C2872: 2022 | E2872: 1
A2873: 1318-15-803-003 | B2873: 7297 | C2873: 2022 | E2873: 1
A2874: 1318-15-802-009 | B2874: 9776 | C2874: 2022 | E2874: 1
A2875: 1318-15-802-010 | B2875: 96001 | C2875: 2022 | E2875: 1
A2876: 1318-09-811-018 | B2876: 3396 | C2876: 2022 | E2876: 1
A2877: 1318-10-417-051 | B2877: 5095 | C2877: 2022 | E2877: 1
A2878: 1318-22-001-007 | B2878: 13366 | C2878: 2022 | E2878: 1
A2879: 1318-23-401-051 | B2879: 51369 | C2879: 2022 | E2879: 1
A2880: 1318-15-802-006 | B2880: 10856 | C2880: 2022 | E2880: 1
... A3348: 1318-23-401-030 | B3348: 4093 | C3348: 2022 | E3348: 1
...

Sheet Sheet2
A1: Sum of CommercialFloorArea_SqFt | B1: Column Labels
A2: Row Labels | B2: 2012 | C2: 2018 | D2: 2019 | E2: 2020 | F2: 2021 | G2: 2022 | H2: 2023 | I2: 2024 | J2: Grand Total
A3: 015-331-004 | C3: 1886 | D3: 1886 | E3: 1886 | F3: 1886 | G3: 1886 | H3: 1886 | I3: 1886 | J3: 13202
A4: 015-331-010 | C4: 5862 | D4: 5862 | E4: 5862 | F4: 5862 | G4: 5862 | H4: 5862 | I4: 5862 | J4: 41034
A5: 015-331-028 | C5: 1856 | D5: 1856 | E5: 1856 | F5: 1856 | G5: 1856 | H5: 1856 | I5: 1856 | J5: 12992
A6: 015-331-04 | B6: 1886 | J6: 1886
A7: 015-331-10 | B7: 5862 | J7: 5862
A8: 015-331-28 | B8: 1856 | J8: 1856
A9: 016-292-034 | C9: 124 | D9: 124 | E9: 124 | J9: 372
A10: 016-292-34 | B10: 124 | J10: 124
A11: 016-410-011 | C11: 544 | D11: 544 | E11: 544 | F11: 544 | G11: 544 | H11: 544 | I11: 544 | J11: 3808
A12: 016-410-012 | C12: 8592 | D12: 8592 | E12: 8592 | F12: 8592 | G12: 8592 | H12: 8592 | I12: 8592 | J12: 60144
A13: 016-410-10 | B13: 8592 | J13: 8592
A14: 016-410-11 | B14: 544 | J14: 544
A15: 018-320-018 | C15: 1163 | D15: 1163 | E15: 1163 | F15: 1163 | G15: 1163 | H15: 1163 | I15: 1163 | J15: 8141
A16: 018-320-12 | B16: 1163 | J16: 1163
A17: 022-210-030 | C17: 25780 | D17: 25780 | E17: 25780 | F17: 25780 | G17: 25780 | H17: 25780 | I17: 25780 | J17: 180460
A18: 022-210-30 | B18: 25780 | J18: 25780
A19: 023-111-032 | C19: 4476 | D19: 4476 | E19: 4476 | F19: 4476 | G19: 4476 | H19: 4476 | I19: 4476 | J19: 31332
A20: 023-111-036 | C20: 1812 | D20: 1812 | E20: 1812 | F20: 1812 | G20: 1812 | H20: 1812 | I20: 1812 | J20: 12684
A21: 023-111-037 | C21: 6354 | D21: 6354 | E21: 6354 | F21: 6354 | G21: 6354 | H21: 6354 | I21: 6354 | J21: 44478
A22: 023-111-32 | B22: 4476 | J22: 4476
A23: 023-111-36 | B23: 1812 | J23: 1812
A24: 023-111-37 | B24: 6354 | J24: 6354
A25: 023-132-021 | C25: 820 | D25: 820 | E25: 820 | F25: 820 | G25: 820 | H25: 820 | I25: 820 | J25: 5740
A26: 023-132-21 | B26: 820 | J26: 820
A27: 023-151-009 | C27: 1220 | D27: 1220 | E27: 1220 | F27: 1220 | G27: 1220 | H27: 1220 | I27: 1220 | J27: 8540
A28: 023-151-09 | B28: 1220 | J28: 1220
A29: 023-161-017 | C29: 8454 | D29: 8454 | E29: 8454 | F29: 8454 | G29: 8454 | H29: 8454 | I29: 8454 | J29: 59178
A30: 023-161-033 | C30: 5787 | F30: 5787 | J30: 11574
A31: 023-161-034 | C31: 3230 | D31: 3230 | E31: 3230 | F31: 3230 | G31: 3230 | H31: 3230 | I31: 3230 | J31: 22610
A32: 023-161-17 | B32: 8454 | J32: 8454
A33: 023-161-34 | B33: 3230 | J33: 3230
A34: 023-171-010 | C34: 734 | D34: 734 | E34: 734 | F34: 734 | G34: 734 | H34: 734 | I34: 734 | J34: 5138
A35: 023-171-011 | C35: 3425 | D35: 3425 | E35: 3425 | F35: 3425 | G35: 3425 | H35: 3425 | I35: 3425 | J35: 23975
A36: 023-171-018 | C36: 3608 | D36: 3608 | E36: 3608 | F36: 3608 | G36: 3608 | H36: 3608 | I36: 3608 | J36: 25256
A37: 023-171-023 | C37: 12784 | D37: 12784 | E37: 12784 | F37: 12784 | G37: 12784 | H37: 12784 | I37: 12784 | J37: 89488
A38: 023-171-024 | C38: 7075 | D38: 7075 | E38: 7075 | F38: 7075 | G38: 7075 | H38: 7075 | I38: 7075 | J38: 49525
A39: 023-171-10 | B39: 734 | J39: 734
A40: 023-171-11 | B40: 3425 | J40: 3425
A41: 023-171-18 | B41: 3608 | J41: 3608
A42: 023-171-23 | B42: 12784 | J42: 12784
A43: 023-171-24 | B43: 7075 | J43: 7075
A44: 023-172-001 | C44: 7843 | D44: 7843 | E44: 7843 | F44: 7843 | G44: 7843 | H44: 7843 | I44: 7843 | J44: 54901
A45: 023-172-01 | B45: 7843 | J45: 7843
A46: 023-172-022 | C46: 1067 | D46: 1067 | E46: 1067 | F46: 1067 | G46: 1067 | H46: 1067 | I46: 1067 | J46: 7469
A47: 023-172-034 | C47: 2557 | D47: 2557 | E47: 2557 | F47: 2557 | G47: 2557 | H47: 2557 | I47: 2557 | J47: 17899
A48: 023-172-035 | C48: 100 | D48: 100 | E48: 100 | F48: 100 | G48: 100 | H48: 100 | I48: 100 | J48: 700
A49: 023-172-22 | B49: 1067 | J49: 1067
A50: 023-172-34 | B50: 2557 | J50: 2557
A51: 023-172-35 | B51: 100 | J51: 100
A52: 023-181-010 | C52: 7668 | D52: 7668 | E52: 7668 | F52: 7668 | G52: 7668 | H52: 7668 | I52: 7668 | J52: 53676
A53: 023-181-019 | C53: 2483 | D53: 2483 | E53: 2483 | F53: 2483 | G53: 2483 | H53: 2483 | I53: 2483 | J53: 17381
A54: 023-181-022 | C54: 2814 | D54: 2814 | E54: 2814 | F54: 2814 | G54: 2814 | H54: 2814 | I54: 2814 | J54: 19698
A55: 023-181-038 | C55: 2520 | D55: 2520 | E55: 2520 | F55: 2520 | G55: 2520 | H55: 2520 | I55: 2520 | J55: 17640
A56: 023-181-043 | C56: 3924 | D56: 3924 | E56: 3924 | F56: 3924 | G56: 3924 | H56: 3924 | I56: 3924 | J56: 27468
A57: 023-181-047 | C57: 1716 | D57: 1716 | E57: 1716 | F57: 1716 | G57: 1716 | H57: 1716 | I57: 1716 | J57: 12012
A58: 023-181-10 | B58: 7668 | J58: 7668
A59: 023-181-19 | B59: 2483 | J59: 2483
A60: 023-181-22 | B60: 2814 | J60: 2814
A61: 023-181-43 | B61: 3924 | J61: 3924
A62: 023-181-47 | B62: 1716 | J62: 1716
A63: 023-182-001 | C63: 13860 | D63: 13860 | E63: 13860 | F63: 13860 | G63: 13860 | H63: 13860 | I63: 13860 | J63: 97020
A64: 023-182-006 | C64: 1525 | D64: 1525 | E64: 1525 | F64: 1525 | G64: 1525 | H64: 1525 | I64: 1525 | J64: 10675
A65: 023-182-01 | B65: 13860 | J65: 13860
A66: 023-182-029 | C66: 1791 | D66: 1791 | E66: 1791 | F66: 1791 | G66: 1791 | H66: 1791 | I66: 1791 | J66: 12537
A67: 023-182-030 | C67: 4617 | D67: 4617 | E67: 4617 | F67: 4617 | G67: 4617 | H67: 4617 | I67: 4617 | J67: 32319
A68: 023-182-06 | B68: 1525 | J68: 1525
A69: 023-182-29 | B69: 1791 | J69: 1791
A70: 023-182-30 | B70: 4617 | J70: 4617
A71: 023-191-018 | C71: 4431 | D71: 4431 | E71: 4431 | F71: 4431 | G71: 4431 | H71: 4431 | I71: 4431 | J71: 31017
A72: 023-191-021 | C72: 9918 | D72: 9918 | E72: 9918 | F72: 9918 | G72: 9918 | H72: 9918 | I72: 9918 | J72: 69426
A73: 023-191-023 | C73: 14782 | D73: 14782 | E73: 14782 | F73: 14782 | G73: 14782 | H73: 14782 | I73: 14782 | J73: 103474
A74: 023-191-18 | B74: 4431 | J74: 4431
A75: 023-191-21 | B75: 9918 | J75: 9918
A76: 023-191-23 | B76: 14782 | J76: 14782
A77: 023-192-008 | C77: 5656 | D77: 5656 | E77: 5656 | F77: 5656 | G77: 5656 | H77: 5656 | I77: 5656 | J77: 39592
A78: 023-192-08 | B78: 5656 | J78: 5656
A79: 023-201-004 | C79: 5687 | D79: 5687 | E79: 5687 | F79: 5687 | G79: 5687 | H79: 5687 | I79: 5687 | J79: 39809
A80: 023-201-011 | C80: 24779 | D80: 24779 | E80: 24779 | F80: 24779 | G80: 24779 | H80: 24779 | I80: 24779 | J80: 173453
A81: 023-201-021 | C81: 16862 | D81: 16862 | E81: 16862 | F81: 16862 | G81: 16862 | H81: 16862 | I81: 16862 | J81: 118034
A82: 023-201-022 | C82: 2080 | D82: 2080 | E82: 2080 | F82: 2080 | G82: 2080 | H82: 2080 | I82: 2080 | J82: 14560
A83: 023-201-029 | C83: 14604 | D83: 14604 | E83: 14604 | F83: 14604 | G83: 14604 | H83: 14604 | I83: 14604 | J83: 102228
A84: 023-201-030 | C84: 9429 | D84: 9429 | E84: 9429 | F84: 9429 | G84: 9429 | H84: 9429 | I84: 9429 | J84: 66003
A85: 023-201-036 | C85: 2730 | D85: 2730 | E85: 2730 | F85: 2730 | G85: 2730 | H85: 2730 | I85: 2730 | J85: 19110
A86: 023-201-038 | C86: 2343 | D86: 2343 | E86: 2343 | F86: 2343 | G86: 2343 | H86: 2343 | I86: 2343 | J86: 16401
A87: 023-201-04 | B87: 5687 | J87: 5687
A88: 023-201-042 | C88: 3077 | D88: 3077 | E88: 3077 | F88: 3077 | G88: 3077 | H88: 3077 | I88: 3077 | J88: 21539
A89: 023-201-043 | C89: 953 | D89: 953 | E89: 953 | F89: 953 | G89: 953 | H89: 953 | I89: 953 | J89: 6671
A90: 023-201-044 | C90: 176 | D90: 176 | E90: 176 | F90: 176 | G90: 176 | H90: 176 | I90: 176 | J90: 1232
A91: 023-201-053 | C91: 10701 | D91: 10701 | E91: 10701 | F91: 10701 | G91: 10701 | H91: 10701 | I91: 10701 | J91: 74907
A92: 023-201-055 | C92: 2610 | D92: 2610 | E92: 2610 | F92: 2610 | G92: 2610 | H92: 2610 | I92: 2610 | J92: 18270
A93: 023-201-057 | C93: 5763 | D93: 5763 | E93: 5763 | F93: 5763 | G93: 5763 | H93: 5763 | I93: 5763 | J93: 40341
A94: 023-201-058 | C94: 7236 | D94: 7236 | E94: 7236 | F94: 7236 | G94: 7236 | H94: 7236 | I94: 7236 | J94: 50652
A95: 023-201-060 | C95: 3276 | D95: 3276 | E95: 3276 | F95: 3276 | G95: 3276 | H95: 3276 | I95: 3276 | J95: 22932
A96: 023-201-061 | C96: 1402 | D96: 1402 | E96: 1402 | F96: 1402 | G96: 1402 | H96: 1402 | I96: 1402 | J96: 9814
A97: 023-201-063 | C97: 290 | D97: 290 | E97: 290 | F97: 290 | G97: 290 | H97: 290 | I97: 290 | J97: 2030
A98: 023-201-067 | C98: 3909 | D98: 3909 | E98: 3909 | F98: 3909 | G98: 3909 | H98: 3909 | I98: 3909 | J98: 27363
A99: 023-201-070 | C99: 2849 | D99: 2849 | E99: 2849 | F99: 2849 | G99: 2849 | H99: 2849 | I99: 2849 | J99: 19943
... A101: 023-201-075 | C101: 73441 | D101: 73441 | E101: 73441 | F101: 73441 | G101: 73441 | H101: 73441 | I101: 73441 | J101: 514087
...

Sheet Details
A1: Row Labels | B1: Jurisdiction | C1: CY2012 | D1: CY2013 | E1: CY2014 | F1: CY2015 | G1: CY2016 | H1: CY2017 | I1: CY2018 | J1: CY2019 | K1: CY2020 | L1: CY2021 | M1: CY2022 | N1: CY2023 | O1: CY2024 | P1: CY2025
A2: 015-331-04 | B2: EL | C2: 1886 | D2: 1886 | E2: 1886 | F2: 1886 | G2: 1886 | H2: 1886
A3: 015-331-004 | B3: EL | I3: 1886 | J3: 1886 | K3: 1886 | L3: 1886 | M3: 1886 | N3: 1886 | O3: 1886 | P3: 1886
A4: 015-331-10 | B4: EL | C4: 5862 | D4: 5862 | E4: 5862 | F4: 5862 | G4: 5862 | H4: 5862
A5: 015-331-010 | B5: EL | I5: 5862 | J5: 5862 | K5: 5862 | L5: 5862 | M5: 5862 | N5: 5862 | O5: 5862 | P5: 5862
A6: 015-331-28 | B6: EL | C6: 1856 | D6: 1856 | E6: 1856 | F6: 1856 | G6: 1856 | H6: 1856
A7: 015-331-028 | B7: EL | I7: 1856 | J7: 1856 | K7: 1856 | L7: 1856 | M7: 1856 | N7: 1856 | O7: 1856 | P7: 1856
A8: 016-292-34 | B8: EL | C8: 316 | D8: 316 | E8: 316 | F8: 316 | G8: 316 | H8: 316
A9: 016-292-034 | B9: EL | I9: 316 | J9: 316 | K9: 316
A10: 016-410-11 | B10: EL | C10: 544 | D10: 544 | E10: 544 | F10: 544 | G10: 544 | H10: 544
A11: 016-410-011 | B11: EL | I11: 544 | J11: 544 | K11: 544 | L11: 544 | M11: 544 | N11: 544 | O11: 544 | P11: 544
A12: 016-410-10 | B12: EL | C12: 8592 | D12: 8592 | E12: 8592 | F12: 8592 | G12: 8592 | H12: 8592
A13: 016-410-012 | B13: EL | I13: 8592 | J13: 8592 | K13: 8592 | L13: 8592 | M13: 8592 | N13: 8592 | O13: 8592 | P13: 8592
A14: 018-320-12 | B14: EL | C14: 1163 | E14: 1163 | F14: 1163 | G14: 1163 | H14: 1163
A15: 018-320-11 | B15: EL | D15: 1163
A16: 018-320-018 | B16: EL | I16: 1163 | J16: 1163 | K16: 1163 | L16: 1163 | M16: 1163 | N16: 1163 | O16: 1163 | P16: 1163
A17: 022-210-30 | B17: CSLT | C17: 25780 | D17: 25780 | E17: 25780 | F17: 25780 | G17: 25780 | H17: 25780
A18: 022-210-030 | B18: CSLT | I18: 25780 | J18: 25780 | K18: 25780 | L18: 25780 | M18: 25780 | N18: 25780 | O18: 25780 | P18: 25780
A19: 022-210-32 | B19: CSLT | C19: 49809 | D19: 49809 | E19: 49809 | F19: 49809 | G19: 49809 | H19: 49809
A20: 022-210-032 | B20: CSLT | I20: 49809 | J20: 49809 | K20: 49809 | L20: 49809 | M20: 49809 | N20: 49809 | O20: 49809 | P20: 49809
A21: 023-111-32 | B21: CSLT | C21: 4476 | D21: 4476 | E21: 4476 | F21: 4476 | G21: 4476 | H21: 4476
A22: 023-111-032 | B22: CSLT | I22: 4476 | J22: 4476 | K22: 4476 | L22: 4476 | M22: 4476 | N22: 4476 | O22: 4476 | P22: 4476
A23: 023-111-36 | B23: CSLT | C23: 1812 | D23: 1812 | E23: 1812 | F23: 1812 | G23: 1812 | H23: 1812
A24: 023-111-036 | B24: CSLT | I24: 1812 | J24: 1812 | K24: 1812 | L24: 1812 | M24: 1812 | N24: 1812 | O24: 1812 | P24: 1812
A25: 023-111-37 | B25: CSLT | C25: 6354 | D25: 6354 | E25: 6354 | F25: 6354 | G25: 6354 | H25: 6354
A26: 023-111-037 | B26: CSLT | I26: 6354 | J26: 6354 | K26: 6354 | L26: 6354 | M26: 6354 | N26: 6354 | O26: 6354 | P26: 6354
A27: 023-132-21 | B27: CSLT | C27: 820 | D27: 820 | E27: 820 | F27: 820 | G27: 820 | H27: 820
A28: 023-132-021 | B28: CSLT | I28: 820 | J28: 820 | K28: 820 | L28: 820 | M28: 820 | N28: 820 | O28: 820 | P28: 820
A29: 023-151-09 | B29: CSLT | C29: 1220 | D29: 1220 | E29: 1220 | F29: 1220 | G29: 1220 | H29: 1220
A30: 023-151-009 | B30: CSLT | I30: 1220 | J30: 1220 | K30: 1220 | L30: 1220 | M30: 1220 | N30: 1220 | O30: 1220 | P30: 1220
A31: 023-161-17 | B31: CSLT | C31: 8454 | D31: 8454 | E31: 8454 | F31: 8454 | G31: 8454 | H31: 8454
A32: 023-161-017 | B32: CSLT | I32: 8454 | J32: 8454 | K32: 8454 | L32: 8454 | M32: 8454 | N32: 8454 | O32: 8454 | P32: 8454
A33: 023-161-33 | B33: CSLT | C33: 5787 | D33: 5787 | E33: 5787 | F33: 5787 | G33: 5787 | H33: 5787
A34: 023-161-033 | B34: CSLT | I34: 5787 | J34: 5787 | K34: 5787 | L34: 5787 | M34: 5787 | N34: 5787 | O34: 5787 | P34: 5787
A35: 023-161-34 | B35: CSLT | C35: 3230 | D35: 3230 | E35: 3230 | F35: 3230 | G35: 3230 | H35: 3230
A36: 023-161-034 | B36: CSLT | I36: 3230 | J36: 3230 | K36: 3230 | L36: 3230 | M36: 3230 | N36: 3230 | O36: 3230 | P36: 3230
A37: 023-171-10 | B37: CSLT | C37: 734 | D37: 734 | E37: 734 | F37: 734 | G37: 734 | H37: 734
A38: 023-171-010 | B38: CSLT | I38: 734 | J38: 734 | K38: 734 | L38: 734 | M38: 734 | N38: 734 | O38: 734 | P38: 734
A39: 023-171-11 | B39: CSLT | C39: 3425 | D39: 3425 | E39: 3425 | F39: 3425 | G39: 3425 | H39: 3425
A40: 023-171-011 | B40: CSLT | I40: 3425 | J40: 3425 | K40: 3425 | L40: 3425 | M40: 3425 | N40: 3425 | O40: 3425 | P40: 3425
A41: 023-171-18 | B41: CSLT | C41: 3608 | D41: 3608 | E41: 3608 | F41: 3608 | G41: 3608 | H41: 3608
A42: 023-171-018 | B42: CSLT | I42: 3608 | J42: 3608 | K42: 3608 | L42: 3608 | M42: 3608 | N42: 3608 | O42: 3608 | P42: 3608
A43: 023-171-23 | B43: CSLT | C43: 12784 | D43: 12784 | E43: 12784 | F43: 12784 | G43: 12784 | H43: 12784
A44: 023-171-023 | B44: CSLT | I44: 12784 | J44: 12784 | K44: 12784 | L44: 12784 | M44: 12784 | N44: 12784 | O44: 12784 | P44: 12784
A45: 023-171-24 | B45: CSLT | C45: 7075 | D45: 7075 | E45: 7075 | F45: 7075 | G45: 7075 | H45: 7075
A46: 023-171-024 | B46: CSLT | I46: 7075 | J46: 7075 | K46: 7075 | L46: 7075 | M46: 7075 | N46: 7075 | O46: 7075 | P46: 7075
A47: 023-172-01 | B47: CSLT | C47: 7843 | D47: 7843 | E47: 7843 | F47: 7843 | G47: 7843 | H47: 7843
A48: 023-172-001 | B48: CSLT | I48: 7843 | J48: 7843 | K48: 7843 | L48: 7843 | M48: 7843 | N48: 7843 | O48: 7843 | P48: 7843
A49: 023-172-022 | B49: CSLT | I49: 1067 | J49: 1067 | K49: 1067 | L49: 1067 | M49: 1067 | N49: 1067 | O49: 1067 | P49: 1067
A50: 023-172-034 | B50: CSLT | I50: 2557 | J50: 2557 | K50: 2557 | L50: 2557 | M50: 2557 | N50: 2557 | O50: 2557 | P50: 2557
A51: 023-172-035 | B51: CSLT | I51: 100 | J51: 100 | K51: 100 | L51: 100 | M51: 100 | N51: 100 | O51: 100 | P51: 100
A52: 023-172-22 | B52: CSLT | C52: 1067 | D52: 1067 | E52: 1067 | F52: 1067 | G52: 1067 | H52: 1067
A53: 023-172-34 | B53: CSLT | C53: 2557 | D53: 2557 | E53: 2557 | F53: 2557 | G53: 2557 | H53: 2557
A54: 023-172-35 | B54: CSLT | C54: 100 | D54: 100 | E54: 100 | F54: 100 | G54: 100 | H54: 100
A55: 023-181-010 | B55: CSLT | I55: 7668 | J55: 7668 | K55: 7668 | L55: 7668 | M55: 7668 | N55: 7668 | O55: 7668 | P55: 7668
A56: 023-181-019 | B56: CSLT | I56: 2483 | J56: 2483 | K56: 2483 | L56: 2483 | M56: 2483 | N56: 2483 | O56: 2483 | P56: 2483
A57: 023-181-022 | B57: CSLT | I57: 2814 | J57: 2814 | K57: 2814 | L57: 2814 | M57: 2814 | N57: 2814 | O57: 2814 | P57: 2814
A58: 023-181-10 | B58: CSLT | C58: 7668 | D58: 7668 | E58: 7668 | F58: 7668 | G58: 7668 | H58: 7668
A59: 023-181-19 | B59: CSLT | C59: 2483 | D59: 2483 | E59: 2483 | F59: 2483 | G59: 2483 | H59: 2483
A60: 023-181-22 | B60: CSLT | C60: 2814 | D60: 2814 | E60: 2814 | F60: 2814 | G60: 2814 | H60: 2814
A61: 023-181-038 | B61: CSLT | M61: 2520 | N61: 2520 | O61: 2520 | P61: 2520
A62: 023-181-43 | B62: CSLT | C62: 3924 | D62: 3924 | E62: 3924 | F62: 3924 | G62: 3924 | H62: 3924
A63: 023-181-47 | B63: CSLT | C63: 1716 | D63: 1716 | E63: 1716 | F63: 1716 | G63: 1716 | H63: 1716
A64: 023-181-043 | B64: CSLT | I64: 3924 | J64: 3924 | K64: 3924 | L64: 3924 | M64: 3924 | N64: 3924 | O64: 3924 | P64: 3924
A65: 023-181-047 | B65: CSLT | I65: 1716 | J65: 1716 | K65: 1716 | L65: 1716 | M65: 1716 | N65: 1716 | O65: 1716 | P65: 1716
A66: 023-182-01 | B66: CSLT | C66: 13860 | D66: 13860 | E66: 13860 | F66: 13860 | G66: 13860 | H66: 13860
A67: 023-182-001 | B67: CSLT | I67: 13860 | J67: 13860 | K67: 13860 | L67: 13860 | M67: 13860 | N67: 13860 | O67: 13860 | P67: 13860
A68: 023-182-06 | B68: CSLT | C68: 1525 | D68: 1525 | E68: 1525 | F68: 1525 | G68: 1525 | H68: 1525
A69: 023-182-006 | B69: CSLT | I69: 1525 | J69: 1525 | K69: 1525 | L69: 1525 | M69: 1525 | N69: 1525 | O69: 1525 | P69: 1525
A70: 023-182-29 | B70: CSLT | C70: 1791 | D70: 1791 | E70: 1791 | F70: 1791 | G70: 1791 | H70: 1791
A71: 023-182-30 | B71: CSLT | C71: 4617 | D71: 4617 | E71: 4617 | F71: 4617 | G71: 4617 | H71: 4617
A72: 023-182-029 | B72: CSLT | I72: 1791 | J72: 1791 | K72: 1791 | L72: 1791 | M72: 1791 | N72: 1791 | O72: 1791 | P72: 1791
A73: 023-182-030 | B73: CSLT | I73: 4617 | J73: 4617 | K73: 4617 | L73: 4617 | M73: 4617 | N73: 4617 | O73: 4617 | P73: 4617
A74: 023-191-18 | B74: CSLT | C74: 4431 | D74: 4431 | E74: 4431 | F74: 4431 | G74: 4431 | H74: 4431
A75: 023-191-21 | B75: CSLT | C75: 9918 | D75: 9918 | E75: 9918 | F75: 9918 | G75: 9918 | H75: 9918
A76: 023-191-23 | B76: CSLT | C76: 14782 | D76: 14782 | E76: 14782 | F76: 14782 | G76: 14782 | H76: 14782
A77: 023-191-018 | B77: CSLT | I77: 4431 | J77: 4431 | K77: 4431 | L77: 4431 | M77: 4431 | N77: 4431 | O77: 4431 | P77: 4431
A78: 023-191-021 | B78: CSLT | I78: 9918 | J78: 9918 | K78: 9918 | L78: 9918 | M78: 9918 | N78: 9918 | O78: 9918 | P78: 9918
A79: 023-191-023 | B79: CSLT | I79: 14782 | J79: 14782 | K79: 14782 | L79: 14782 | M79: 14782 | N79: 14782 | O79: 14782 | P79: 14782
A80: 023-192-008 | B80: CSLT | I80: 5656 | J80: 5656 | K80: 5656 | L80: 5656 | M80: 5656 | N80: 5656 | O80: 5656 | P80: 5656
A81: 023-192-08 | B81: CSLT | C81: 5656 | D81: 5656 | E81: 5656 | F81: 5656 | G81: 5656 | H81: 5656
A82: 023-201-04 | B82: CSLT | C82: 5687 | D82: 5687 | E82: 5687 | F82: 5687 | G82: 5687 | H82: 5687
A83: 023-201-004 | B83: CSLT | I83: 5687 | J83: 5687 | K83: 5687 | L83: 5687 | M83: 5687 | N83: 5687 | O83: 5687 | P83: 5687
A84: 023-201-11 | B84: CSLT | C84: 24779 | D84: 24779 | E84: 24779 | F84: 24779 | G84: 24779 | H84: 24779
A85: 023-201-011 | B85: CSLT | I85: 24779 | J85: 24779 | K85: 24779 | L85: 24779 | M85: 24779 | N85: 24779 | O85: 24779 | P85: 24779
A86: 023-201-21 | B86: CSLT | C86: 16862 | D86: 16862 | E86: 16862 | F86: 16862 | G86: 16862 | H86: 16862
A87: 023-201-021 | B87: CSLT | I87: 16862 | J87: 16862 | K87: 16862 | L87: 16862 | M87: 16862 | N87: 16862 | O87: 16862 | P87: 16862
A88: 023-201-22 | B88: CSLT | C88: 2080 | D88: 2080 | E88: 2080 | F88: 2080 | G88: 2080 | H88: 2080
A89: 023-201-29 | B89: CSLT | C89: 14604 | D89: 14604 | E89: 14604 | F89: 14604 | G89: 14604 | H89: 14604
A90: 023-201-30 | B90: CSLT | C90: 9429 | D90: 9429 | E90: 9429 | F90: 9429 | G90: 9429 | H90: 9429
A91: 023-201-36 | B91: CSLT | C91: 2730 | D91: 2730 | E91: 2730 | F91: 2730 | G91: 2730 | H91: 2730
A92: 023-201-38 | B92: CSLT | C92: 2343 | D92: 2343 | E92: 2343 | F92: 2343 | G92: 2343 | H92: 2343
A93: 023-201-022 | B93: CSLT | I93: 2080 | J93: 2080 | K93: 2080 | L93: 2080 | M93: 2080 | N93: 2080 | O93: 2080 | P93: 2080
A94: 023-201-029 | B94: CSLT | I94: 14604 | J94: 14604 | K94: 14604 | L94: 14604 | M94: 14604 | N94: 14604 | O94: 14604 | P94: 14604
A95: 023-201-030 | B95: CSLT | I95: 9429 | J95: 9429 | K95: 9429 | L95: 9429 | M95: 9429 | N95: 9429 | O95: 9429 | P95: 9429
A96: 023-201-036 | B96: CSLT | I96: 2730 | J96: 2730 | K96: 2730 | L96: 2730 | M96: 2730 | N96: 2730 | O96: 2730 | P96: 2730
A97: 023-201-038 | B97: CSLT | I97: 2343 | J97: 2343 | K97: 2343 | L97: 2343 | M97: 2343 | N97: 2343 | O97: 2343 | P97: 2343
A98: 023-201-042 | B98: CSLT | I98: 3077 | J98: 3077 | K98: 3077 | L98: 3077 | M98: 3077 | N98: 3077 | O98: 3077 | P98: 3077
A99: 023-201-043 | B99: CSLT | I99: 953 | J99: 953 | K99: 953 | L99: 953 | M99: 953 | N99: 953 | O99: 953 | P99: 953
A100: 023-201-044 | B100: CSLT | I100: 176 | J100: 176 | K100: 176 | L100: 176 | M100: 176 | N100: 176 | O100: 176 | P100: 176
...

Sheet Summary
A1: CFA Accounting
B4: 2012 | C4: 2013 | D4: 2014 | E4: 2015 | F4: 2016 | G4: 2017 | H4: 2018 | I4: 2019 | J4: 2020 | K4: 2021 | L4: 2022 | M4: 2023 | N4: 2024 | O4: 2025 | S4: NET CHANGE FROM 2012
A5: Existing | B5: =SUM(Details!C:C) -> 6581919 | C5: =SUM(Details!D:D) -> 6587387 | D5: =SUM(Details!E:E) -> 6609450 | E5: =SUM(Details!F:F) -> 6598123 | F5: =SUM(Details!G:G) -> 6601783 | G5: =SUM(Details!H:H) -> 6573092 | H5: =SUM(Details!I:I) -> 6617617 | I5: =SUM(Details!J:J) -> 6622199 | J5: =SUM(Details!K:K) -> 6607012 | K5: =SUM(Details!L:L) -> 6609588 | L5: =SUM(Details!M:M) -> 6610535 | M5: =SUM(Details!N:N) -> 6609970 | N5: =SUM(Details!O:O) -> 6592958 | O5: =SUM(Details!P:P) -> 6583769 | S5: =O5-B5 -> 1850
A6: Change | B6: n/a | C6: =C5-B5 -> 5468 | D6: =D5-C5 -> 22063 | E6: =E5-D5 -> -11327 | F6: =F5-E5 -> 3660 | G6: =G5-F5 -> -28691 | H6: =H5-G5 -> 44525 | I6: =I5-H5 -> 4582 | J6: =J5-I5 -> -15187 | ... O6: =O5-N5 -> -9189 | S6: =S5/B5 -> 0.00028107304
C7: =C5/B5-1 -> 0.00083076076 | D7: =D5/C5-1 -> 0.0033492795 | E7: =E5/D5-1 -> -0.0017137583 | F7: =F5/E5-1 -> 0.00055470321 | G7: =G5/F5-1 -> -0.0043459471 | H7: =H5/G5-1 -> 0.0067738288 | I7: =I5/H5-1 -> 0.00069239426 | J7: =J5/I5-1 -> -0.002293347 | ... O7: =O5/N5-1 -> -0.0013937598
A10: Net Change | B10: n/a | C10: =C13+C21 -> 5468 | D10: =D13+D21 -> 22063 | E10: =E13+E21 -> -11327 | F10: =F13+F21 -> 3660 | G10: =G13+G21 -> -28691 | H10: =H13+H21 -> 44525 | I10: =I13+I21 -> 4582 | J10: =J13+J21 -> -15187 | ... O10: =O13+O21 -> -9189 | S10: =SUM(C10:O10) -> 1850
C11: =C10=C6 -> TRUE | D11: =D10=D6 -> TRUE | E11: =E10=E6 -> TRUE | F11: =F10=F6 -> TRUE | G11: =G10=G6 -> TRUE | H11: =H10=H6 -> TRUE | I11: =I10=I6 -> TRUE | J11: =J10=J6 -> TRUE | ... O11: =O10=O6 -> TRUE
A13: Added | B13: n/a | C13: =SUM(C14:C17) -> 7220 | D13: =SUM(D14:D17) -> 24639 | E13: =SUM(E14:E17) -> 10193 | F13: =SUM(F14:F17) -> 10819 | G13: =SUM(G14:G17) -> 34791 | H13: =SUM(H14:H17) -> 48463 | I13: =SUM(I14:I17) -> 8359 | J13: =SUM(J14:J17) -> 2171 | ... O13: =SUM(O14:O17) -> 1959 | S13: =SUM(C13:O13) -> 184554
A14: Added from Allocations | B14: n/a | C14: 6973 | D14: 18139 | E14: 5122 | F14: 4698 | G14: 28849 | H14: 24726 | I14: 6759 | J14: 936 | K14: 0 | L14: 6635 | M14: 2977 | N14: 0 | O14: 1959 | S14: =SUM(C14:O14) -> 107773
A15: Added from Transfer | B15: n/a | C15: 247 | D15: 6500 | E15: 3532 | F15: 0 | G15: 5942 | H15: 0 | I15: 0 | J15: 0 | K15: 1686 | L15: 650 | M15: 2996 | N15: 9700 | O15: 0 | S15: =SUM(C15:O15) -> 31253
A16: Added from Conversions | B16: n/a | C16: 0 | D16: 0 | E16: 0 | F16: 0 | G16: 0 | H16: 0 | I16: 0 | J16: 0 | K16: 8564 | L16: 0 | M16: 0 | N16: 0 | O16: 0 | S16: =SUM(C16:O16) -> 8564
A17: Added from Banked | B17: n/a | C17: 0 | D17: 0 | E17: 1539 | F17: 6121 | G17: 0 | H17: 23737 | I17: 1600 | J17: 1235 | K17: 0 | L17: 246 | M17: 0 | N17: 2486 | O17: 0 | S17: =SUM(C17:O17) -> 36964
A21: Removed | B21: n/a | C21: =SUM(C22:C23) -> -1752 | D21: =SUM(D22:D23) -> -2576 | E21: =SUM(E22:E23) -> -21520 | F21: =SUM(F22:F23) -> -7159 | G21: =SUM(G22:G23) -> -63482 | H21: =SUM(H22:H23) -> -3938 | I21: =SUM(I22:I23) -> -3777 | J21: =SUM(J22:J23) -> -17358 | ... O21: =SUM(O22:O23) -> -11148 | S21: =SUM(C21:O21) -> -182704
A22: Banked | B22: n/a | C22: -1752 | D22: -2576 | E22: -21520 | F22: -7159 | G22: -63482 | H22: -3938 | I22: -3777 | J22: -13358 | K22: -674 | L22: -6284 | M22: -6538 | N22: -29198 | O22: =-1911-3797-576 -> -6284 | S22: =SUM(C22:O22) -> -166540
A23: Converted | B23: n/a | C23: 0 | D23: 0 | E23: 0 | F23: 0 | G23: 0 | H23: 0 | I23: 0 | J23: -4000 | K23: -7000 | L23: -300 | M23: 0 | N23: 0 | O23: -4864 | S23: =SUM(C23:O23) -> -16164
A27: Major Completed Projects | C27: Bob Dogs Pizza Meyers | D27: Chateau at the Village, SLT | E27: Heavenly Village Cinema Loft | G27: U-Haul, SLT | H27: Bijou Marketplace/Whole Foods | I27: Blue Granite Climbing Gym | K27: TAU to Commercial Conversion SLT (Gym Love/Axe Throwing) | L27: Bowl Incline | N27: Natural Grocers Incline | O27: Southside Autobody, SLT
E28: Autozone, SLT
G29: Barton CFA Banking/Conversion to HCD | N29: Lakeside Inn CFA Banking
A36: Jurisdiction | B36: 2012 | C36: 2013 | D36: 2014 | E36: 2015 | F36: 2016 | G36: 2017 | H36: 2018 | I36: 2019 | J36: 2020 | K36: 2021 | L36: 2022 | M36: 2023 | N36: 2024 | O36: 2025
A37: City of South Lake Tahoe | B37: 3011030 | C37: 3014110 | D37: 3032684 | E37: 3037090 | F37: 3036290 | G37: 3007878 | H37: 3054738 | I37: 3063097 | J37: 3061267 | K37: 3065985 | L37: 3063880 | M37: 3060852 | N37: 3060852 | O37: 3050411
A38: Douglas County | B38: 700578 | C38: 698826 | D38: 701556 | E38: 701556 | F38: 701556 | G38: 701556 | H38: 701556 | I38: 701556 | J38: 695991 | K38: 695991 | L38: 695991 | M38: 695991 | N38: 674201 | O38: 674201
A39: El Dorado County | B39: 327909 | C39: 327576 | D39: 330911 | E39: 330911 | F39: 330911 | G39: 330911 | H39: 330911 | I39: 330911 | J39: 330911 | K39: 330595 | L39: 330595 | M39: 330595 | N39: 330595 | O39: 330595
A40: Placer County | B40: 1345080 | C40: 1349553 | D40: 1346977 | E40: 1335115 | F40: 1339813 | G40: 1339813 | H40: 1337478 | I40: 1333701 | J40: 1325909 | K40: 1325909 | L40: 1325909 | M40: 1325376 | N40: 1320454 | O40: 1321706
A41: Washoe County | B41: 1197322 | C41: 1197322 | D41: 1197322 | E41: 1193451 | F41: 1193213 | G41: 1192934 | H41: 1192934 | I41: 1192934 | J41: 1192934 | K41: 1191108 | L41: 1194160 | M41: 1197156 | N41: 1206856 | O41: 1206856
A42: Grand Total | B42: 6581919 | C42: 6587387 | D42: 6609450 | E42: 6598123 | F42: 6601783 | G42: 6573092 | H42: 6617617 | I42: 6622199 | J42: 6607012 | K42: 6609588 | L42: 6610535 | M42: 6609970 | N42: 6592958 | O42: 6583769
B45: =B42=B5 -> TRUE | C45: =C42=C5 -> TRUE | D45: =D42=D5 -> TRUE | E45: =E42=E5 -> TRUE | F45: =F42=F5 -> TRUE | G45: =G42=G5 -> TRUE | H45: =H42=H5 -> TRUE | I45: =I42=I5 -> TRUE | ... O45: =O42=O5 -> TRUE
